k,time,theoretical_complexity,scaled_theoretical_complexity
1,0.2021975,6907755.279,0.075182874
5,0.6210619,42585965.96,0.463498662
10,1.1839836,92103403.72,1.002438324
25,3.0339116,253165777.6,2.755414758
50,6.1570122,540988914.2,5.888034521
100,12.350512,1151292546,12.53047905
250,32.9857565,3107304049,33.81938711
scale_constant,1.09E-08,,
