k,time,theoretical_complexity,scaled_theoretical_complexity
1,0.16708280000602826,6907755.278982136,0.07530736183692861
5,0.6586872999905609,42585965.95708119,0.4642661209007967
10,1.227737800014438,92103403.71976183,1.0040981578257149
25,3.0882348000013735,253165777.59625843,2.7599771630847507
50,6.22579619998578,540988914.2205142,5.89778390629011
100,12.5849841000163,1151292546.4970229,12.551226972821437
250,32.67552180000348,3107304049.211096,33.875385117258226
scale_constant,1.0901857230823211e-08
