n,time,theoretical_complexity,scaled_theoretical_complexity
10,9.29E-05,1020.359214,1.34E-05
25,0.0003511,8095.290213,0.000106221
50,0.0012048,37579.76471,0.000493095
100,0.0046914,171113.4742,0.002245229
250,0.0227189,1241263.726,0.016286979
500,0.1137406,5484915.29,0.071969153
1000,0.4145444,24019102.7,0.315161562
2500,2.6065241,167299843.1,2.195189408
5000,9.895438,721185411,9.46288141
10000,39.585061,3092685798,40.58002076
scale_constant,1.31E-08,,
,,,
,,,
,,,
